"Arquivo","URL","Titulo","Descricao","DataPublicacao","Autor","TipoConteudo","Metodo","Testado","IA","PrecoVerificado","Afiliados","Status","Tags","Marca","Produto","Ano"
"2026-06-27-1-guia-completo-melhor-bike-de-estrada-para-iniciantes-em-2026.md","guia-completo-melhor-bike-de-estrada-para-iniciantes-em-2026","""Guia Completo: Melhor Bike de Estrada para Iniciantes em 2026""","""Descubra as melhores bicicletas de estrada para iniciantes em 2026, com opÃ§Ãµes que variam de R$ 3.000 a R$ 8.000.""","2026-06-27","""Sergio Arantes""","""guia-tecnico""","""desk-research""","nao","sim","""2026-06-27""","nao","""published""","[guias-de-compra, ciclismo, bike de estrada]","""""","""""","2026"
"2026-06-28-10-guia-de-compra-seu-orçamento-ideal-para-a-primeira-bike-de-estrada-em-2026.md","guia-de-compra-seu-orçamento-ideal-para-a-primeira-bike-de-estrada-em-2026","""Guia de Compra: Seu OrÃ§amento Ideal para a Primeira Bike de Estrada em 2026""","""Descubra o orÃ§amento ideal para a sua primeira bike de estrada em 2026, incluindo acessÃ³rios essenciais para ciclistas iniciantes.""","2026-06-28","""Sergio Arantes""","""guia-de-compra""","""desk-research""","nao","sim","""2026-06-28""","nao","""published""","[componentes, bike de estrada, ciclismo, guias-de-compra]","""""","""""","2026"
"2026-06-29-11-scott-addict-2026-ficha-técnica-completa-preço-no-brasil-e-para-quem-é-indicada.md","scott-addict-2026-ficha-técnica-completa-preço-no-brasil-e-para-quem-é-indicada","""Scott Addict 2026: ficha tÃ©cnica completa, preÃ§o no Brasil e para quem Ã© indicada""","""Confira a ficha tÃ©cnica, preÃ§o e anÃ¡lise da Scott Addict 2026, ideal para ciclistas que buscam desempenho e leveza.""","2026-06-29","""Sergio Arantes""","""review""","""desk-research""","nao","sim","""2026-06-29""","nao","""published""","[ciclismo, reviews, scott, bicicleta de estrada]","""Scott""","""Scott Addict""","2026"
"2026-06-30-12-scott-foil-2026-review-completo-do-modelo-aero-e-suas-novidades.md","scott-foil-2026-review-completo-do-modelo-aero-e-suas-novidades","""Scott Foil 2026: Review Completo do Modelo Aero e Suas Novidades""","""Descubra tudo sobre a Scott Foil 2026 e suas melhorias em relaÃ§Ã£o Ã  geraÃ§Ã£o anterior. Veja prÃ³s, contras e o que a torna uma escolha ideal.""","2026-06-30","""Sergio Arantes""","""review""","""desk-research""","nao","sim","""2026-06-30""","nao","""published""","[reviews, bicicleta, ciclismo]","""Scott""","""Scott Foil""","2026"
"2026-07-02-13-cervélo-a-preferida-dos-profissionais-do-worldtour.md","cervélo-a-preferida-dos-profissionais-do-worldtour","""CervÃ©lo: a Preferida dos Profissionais do WorldTour""","""Descubra por que a CervÃ©lo Ã© a escolha dos profissionais do WorldTour. HistÃ³ria, modelos e recomendaÃ§Ãµes.""","2026-07-02","""Sergio Arantes""","""review""","""desk-research""","nao","sim","""2026-07-02""","nao","""published""","[ciclismo, cervÃ©lo]","""CervÃ©lo""","""CervÃ©lo R5""","2026"
"2026-07-04-14-specialized-tarmac-sl8-vale-o-investimento-review-completo.md","specialized-tarmac-sl8-vale-o-investimento-review-completo","""Specialized Tarmac SL8: Vale o Investimento? Review Completo""","""AvaliaÃ§Ã£o detalhada da Specialized Tarmac SL8 e se vale a pena para ciclistas amadores e intermediÃ¡rios no Brasil.""","2026-07-04","""Sergio Arantes""","""review""","""desk-research""","nao","sim","""2026-07-04""","nao","""published""","[reviews, ciclistas amadores, ciclismo]","""Specialized""","""Specialized Tarmac SL8""","2026"
"2026-07-05-15-trek-madone-vs-trek-émonda-diferenças-entre-as-linhas-aero-e-leve-da-trek.md","trek-madone-vs-trek-émonda-diferenças-entre-as-linhas-aero-e-leve-da-trek","""Trek Madone vs Trek Ã‰monda: diferenÃ§as entre as linhas aero e leve da Trek""","""Comparativo entre Trek Madone (aero) e Trek Ã‰monda (leve): diferenÃ§as de desempenho, preÃ§os no Brasil e para quem cada modelo Ã© indicado.""","2026-07-05","""Equipe Pedal Data""","""comparativo""","""desk-research""","nao","sim","""2026-07-05""","nao","""published""","[ciclismo, comparativos]","""Trek""","""Madone vs Ã‰monda""","2026"
"2026-07-06-16-cannondale-supersix-evo-vs-systemsix-qual-escolher-em-2026.md","cannondale-supersix-evo-vs-systemsix-qual-escolher-em-2026","""Cannondale SuperSix Evo vs SystemSix: Qual Escolher em 2026?""","""Descubra qual modelo da Cannondale Ã© a melhor escolha para vocÃª em 2026: SuperSix Evo ou SystemSix.""","2026-07-06","""Sergio Arantes""","""comparativo""","""desk-research""","nao","sim","""2026-07-06""","nao","""published""","[ciclismo, comparativos, cannondale, bicicletas de estrada]","""Cannondale""","""SuperSix Evo vs SystemSix""","2026"
"2026-07-07-17-lançamentos-de-bikes-de-estrada-2026-o-que-esperar-das-principais-marcas.md","lançamentos-de-bikes-de-estrada-2026-o-que-esperar-das-principais-marcas","""LanÃ§amentos de Bikes de Estrada 2026: O Que Esperar das Principais Marcas""","""Descubra o que as principais marcas de bicicletas de estrada estÃ£o preparando para 2026 e quais tendÃªncias vocÃª nÃ£o pode perder.""","2026-07-07","""Sergio Arantes""","""noticia""","""desk-research""","nao","sim","""2026-07-07""","nao","""published""","[ciclismo, bikes, lanÃ§amentos]","""""","""""","2026"
"2026-07-08-18-tendências-em-bikes-de-estrada-2026-aero-está-vencendo-as-leves.md","tendências-em-bikes-de-estrada-2026-aero-está-vencendo-as-leves","""TendÃªncias em Bikes de Estrada 2026: Aero EstÃ¡ Vencendo as Leves?""","""Descubra se as bikes aerodinÃ¢micas estÃ£o superando as leves em 2026 e o que os dados nos mostram sobre essa evoluÃ§Ã£o.""","2026-07-08","""Sergio Arantes""","""noticia""","""desk-research""","nao","sim","""2026-07-08""","nao","""published""","[ciclismo, bicicletas, noticias]","""""","""""","2026"
"2026-07-10-19-o-que-as-equipes-do-worldtour-estão-usando-em-2026-equipamentos-bikes-e-componentes.md","o-que-as-equipes-do-worldtour-estão-usando-em-2026-equipamentos-bikes-e-componentes","""O que as equipes do WorldTour estÃ£o usando em 2026: equipamentos, bikes e componentes""","""Descubra as bicicletas e componentes que as equipes do WorldTour estÃ£o utilizando em 2026.""","2026-07-10","""Sergio Arantes""","""noticia""","""desk-research""","nao","sim","""2026-07-10""","nao","""published""","[ciclismo, worldtour]","""""","""""","2026"
"2026-07-11-2-comparativo-5-melhores-bikes-de-estrada-até-r-5-000-em-2026.md","comparativo-5-melhores-bikes-de-estrada-até-r-5-000-em-2026","""Comparativo: 5 Melhores Bikes de Estrada AtÃ© R$ 5.000 em 2026""","""Confira o comparativo das 5 melhores bicicletas de estrada atÃ© R$ 5.000 para ciclistas amadores e intermediÃ¡rios em 2026.""","2026-07-11","""Sergio Arantes""","""comparativo""","""desk-research""","nao","sim","""2026-07-11""","nao","""published""","[ciclismo, comparativos]","""""","""""","2026"
"2026-07-12-20-inovações-em-componentes-de-bike-2026-grupos-eletrônicos-rodas-de-carbono-e-sensores-de-potência.md","inovações-em-componentes-de-bike-2026-grupos-eletrônicos-rodas-de-carbono-e-sensores-de-potência","""InovaÃ§Ãµes em Componentes de Bike 2026: Grupos EletrÃ´nicos, Rodas de Carbono e Sensores de PotÃªncia""","""Descubra as inovaÃ§Ãµes em componentes de bicicletas em 2026, como grupos eletrÃ´nicos, rodas de carbono e sensores de potÃªncia.""","2026-07-12","""Sergio Arantes""","""noticia""","""desk-research""","nao","sim","""2026-07-12""","nao","""published""","[componentes, componentes de bike, tecnologia, ciclismo]","""""","""""","2026"
"2026-07-13-21-melhores-rodas-de-carbono-custo-benefício-para-bike-de-estrada-em-2026-guia-completo.md","melhores-rodas-de-carbono-custo-benefício-para-bike-de-estrada-em-2026-guia-completo","""Melhores Rodas de Carbono Custo-BenefÃ­cio para Bike de Estrada em 2026: Guia Completo""","""Descubra as melhores rodas de carbono custo-benefÃ­cio para sua bike de estrada em 2026 e como escolher a ideal.""","2026-07-13","""Sergio Arantes""","""guia-de-compra""","""desk-research""","nao","sim","""2026-07-13""","nao","""published""","[componentes, bicicleta, rodas de carbono, ciclismo]","""""","""""","2026"
"2026-07-14-22-melhores-pedais-clipless-para-iniciantes-em-ciclismo-de-estrada-qual-escolher-em-2026.md","melhores-pedais-clipless-para-iniciantes-em-ciclismo-de-estrada-qual-escolher-em-2026","""Melhores Pedais Clipless para Iniciantes em Ciclismo de Estrada: Qual Escolher em 2026""","""Descubra os melhores pedais clipless para iniciantes em 2026 e escolha o modelo ideal para sua bicicleta de estrada.""","2026-07-14","""Sergio Arantes""","""guia-de-compra""","""desk-research""","nao","sim","""2026-07-14""","nao","""published""","[componentes, ciclismo, pedais clipless]","""""","""""","2026"
"2026-07-15-23-melhores-capacetes-de-ciclismo-de-estrada-2026-de-r-200-a-r-2-000.md","melhores-capacetes-de-ciclismo-de-estrada-2026-de-r-200-a-r-2-000","""Melhores Capacetes de Ciclismo de Estrada 2026: De R$ 200 a R$ 2.000""","""Descubra os melhores capacetes de ciclismo de estrada de 2026, com opÃ§Ãµes para todos os orÃ§amentos, de R$ 200 a R$ 2.000.""","2026-07-15","""Sergio Arantes""","""guia-de-compra""","""desk-research""","nao","sim","""2026-07-15""","nao","""published""","[componentes, ciclismo, capacetes]","""""","""""","2026"
"2026-07-16-24-sensores-de-potência-para-bike-vale-a-pena-para-ciclista-amador-guia-completo-2026.md","sensores-de-potência-para-bike-vale-a-pena-para-ciclista-amador-guia-completo-2026","""Sensores de PotÃªncia para Bike: Vale a Pena para Ciclista Amador? Guia Completo 2026""","""Descubra se os sensores de potÃªncia sÃ£o uma boa compra para ciclistas amadores e conheÃ§a os melhores modelos disponÃ­veis.""","2026-07-16","""Sergio Arantes""","""guia-tecnico""","""desk-research""","nao","sim","""2026-07-16""","nao","""published""","[reviews, ciclismo, equipamentos, componentes]","""""","""""","2026"
"2026-07-16-bem-vindo.md","bem-vindo","""Bem-vindo ao Pedal Data""","""Primeiro post do blog. Saiba o que vocÃª vai encontrar por aqui.""","2026-07-16","""Sergio Arantes""","""noticia""","""desk-research""","nao","sim","""2026-07-16""","nao","""published""","[comparativos, ciclismo]","""""","""""",""
"2026-07-17-25-melhores-apps-de-treino-para-ciclismo-2026-comparativo-entre-zwift-trainerroad-trainingpeaks-e-mywhoosh.md","melhores-apps-de-treino-para-ciclismo-2026-comparativo-entre-zwift-trainerroad-trainingpeaks-e-mywhoosh","""Melhores Apps de Treino para Ciclismo 2026: Comparativo entre Zwift, TrainerRoad, TrainingPeaks e MyWhoosh""","""Descubra os melhores apps de treino para ciclismo em 2026: Zwift, TrainerRoad, TrainingPeaks e MyWhoosh comparados.""","2026-07-17","""Sergio Arantes""","""comparativo""","""desk-research""","nao","sim","""2026-07-17""","nao","""published""","[comparativos, ciclismo, aplicativos, treino]","""""","""""","2026"
"2026-07-18-26-guia-de-manutenção-básica-para-bike-de-estrada-o-que-todo-ciclista-precisa-saber.md","guia-de-manutenção-básica-para-bike-de-estrada-o-que-todo-ciclista-precisa-saber","""Guia de ManutenÃ§Ã£o BÃ¡sica para Bike de Estrada: O que Todo Ciclista Precisa Saber""","""Descubra dicas essenciais de manutenÃ§Ã£o para sua bike de estrada e aprenda a cuidar melhor do seu equipamento.""","2026-07-18","""Sergio Arantes""","""guia-tecnico""","""desk-research""","nao","sim","""2026-07-18""","nao","""published""","[manutencao, manutenÃ§Ã£o, bike de estrada, ciclismo]","""""","""""",""
"2026-07-19-27-onde-comprar-bike-de-estrada-importada-no-brasil-em-2026-lojas-sites-e-cuidados.md","onde-comprar-bike-de-estrada-importada-no-brasil-em-2026-lojas-sites-e-cuidados","""Onde Comprar Bike de Estrada Importada no Brasil em 2026: Lojas, Sites e Cuidados""","""Descubra onde comprar bicicletas de estrada importadas no Brasil em 2026 e os cuidados necessÃ¡rios para garantir um bom investimento.""","2026-07-19","""Sergio Arantes""","""guia-de-compra""","""desk-research""","nao","sim","""2026-07-19""","nao","""published""","[guias-de-compra, ciclismo, bikes de estrada]","""""","""""","2026"
"2026-07-20-28-quanto-custa-importar-uma-bike-de-estrada-em-2026-impostos-frete-e-burocracia.md","quanto-custa-importar-uma-bike-de-estrada-em-2026-impostos-frete-e-burocracia","""Quanto Custa Importar uma Bike de Estrada em 2026: Impostos, Frete e Burocracia""","""Descubra quanto custa importar uma bike de estrada em 2026, incluindo impostos, frete e burocracia envolvida.""","2026-07-20","""Sergio Arantes""","""guia-tecnico""","""desk-research""","nao","sim","""2026-07-20""","nao","""published""","[ciclismo, guias-de-compra, importaÃ§Ã£o, bicicleta de estrada]","""""","""""","2026"
"2026-07-21-29-melhores-estradas-e-rotas-para-ciclismo-de-estrada-no-brasil-guia-por-região.md","melhores-estradas-e-rotas-para-ciclismo-de-estrada-no-brasil-guia-por-região","""Melhores Estradas e Rotas para Ciclismo de Estrada no Brasil: Guia por RegiÃ£o""","""Descubra as melhores estradas e rotas para ciclismo de estrada no Brasil, organizadas por regiÃ£o.""","2026-07-21","""Sergio Arantes""","""guia-de-compra""","""desk-research""","nao","sim","""2026-07-21""","nao","""published""","[guias-de-compra, ciclismo, rotas]","""""","""""",""
"2026-07-22-3-comparativo-5-melhores-bikes-de-estrada-até-r-10-000-em-2026.md","comparativo-5-melhores-bikes-de-estrada-até-r-10-000-em-2026","""Comparativo: 5 Melhores Bikes de Estrada atÃ© R$ 10.000 em 2026""","""Um guia completo com as melhores bikes de estrada atÃ© R$ 10.000 para ciclistas em 2026.""","2026-07-22","""Sergio Arantes""","""comparativo""","""desk-research""","nao","sim","""2026-07-22""","nao","""published""","[comparativos, ciclismo, bicicletas]","""""","""""","2026"
"2026-07-23-30-bicicletarias-especializadas-em-bike-de-estrada-como-encontrar-a-melhor-perto-de-você.md","bicicletarias-especializadas-em-bike-de-estrada-como-encontrar-a-melhor-perto-de-você","""Bicicletarias Especializadas em Bike de Estrada: Como Encontrar a Melhor Perto de VocÃª""","""Saiba como encontrar a melhor bicicletaria especializada em bikes de estrada perto de vocÃª com dicas Ãºteis e fatores a considerar.""","2026-07-23","""Sergio Arantes""","""guia-tecnico""","""desk-research""","nao","sim","""2026-07-23""","nao","""published""","[guias-de-compra, bicicletas, ciclismo]","""""","""""",""
"2026-07-25-4-scott-addict-vs-cervélo-caledonia-comparativo-completo-para-ciclistas-em-2026.md","scott-addict-vs-cervélo-caledonia-comparativo-completo-para-ciclistas-em-2026","""Scott Addict vs CervÃ©lo Caledonia: Comparativo Completo para Ciclistas em 2026""","""Compare a Scott Addict e a CervÃ©lo Caledonia e descubra qual bike de estrada Ã© a melhor opÃ§Ã£o para vocÃª em 2026.""","2026-07-25","""Sergio Arantes""","""comparativo""","""desk-research""","nao","sim","""2026-07-25""","nao","""published""","[ciclismo, comparativos, scott, cervÃ©lo]","""Scott""","""Addict""","2026"
"2026-07-26-5-trek-émonda-vs-specialized-tarmac-qual-a-melhor-bike-de-escalada.md","trek-émonda-vs-specialized-tarmac-qual-a-melhor-bike-de-escalada","""Trek Ã‰monda vs Specialized Tarmac: Qual a Melhor Bike de Escalada?""","""Comparativo entre Trek Ã‰monda e Specialized Tarmac: confira preÃ§os, caracterÃ­sticas e decida qual Ã© a melhor bike de escalada para vocÃª.""","2026-07-26","""Sergio Arantes""","""comparativo""","""desk-research""","nao","sim","""2026-07-26""","nao","""published""","[comparativos, bicicletas, ciclismo, trek]","""Trek / Specialized""","""Ã‰monda vs Tarmac""",""
"2026-07-28-6-quadro-de-carbono-vs-alumínio-em-bikes-de-estrada-vale-a-pena-pagar-mais.md","quadro-de-carbono-vs-alumínio-em-bikes-de-estrada-vale-a-pena-pagar-mais","""Quadro de Carbono vs AlumÃ­nio em Bikes de Estrada: Vale a Pena Pagar Mais?""","""Descubra as diferenÃ§as entre quadros de carbono e alumÃ­nio em bicicletas de estrada e saiba qual Ã© a melhor opÃ§Ã£o para vocÃª.""","2026-07-28","""Sergio Arantes""","""comparativo""","""desk-research""","nao","sim","""2026-07-28""","nao","""published""","[comparativos, ciclismo, bikes, componentes]","""""","""""",""
"2026-07-29-7-shimano-105-vs-ultegra-a-diferença-de-preço-justifica.md","shimano-105-vs-ultegra-a-diferença-de-preço-justifica","""Shimano 105 vs Ultegra: a DiferenÃ§a de PreÃ§o Justifica?""","""Entenda as principais diferenÃ§as entre Shimano 105 e Ultegra e descubra qual grupo de transmissÃ£o Ã© o ideal para vocÃª!""","2026-07-29","""Sergio Arantes""","""comparativo""","""desk-research""","nao","sim","""2026-07-29""","nao","""published""","[comparativos, ciclismo, shimano]","""Shimano""","""Shimano 105 / Ultegra""",""
"2026-07-31-8-como-escolher-o-tamanho-certo-de-bike-de-estrada-guia-completo-com-tabela-de-medidas.md","como-escolher-o-tamanho-certo-de-bike-de-estrada-guia-completo-com-tabela-de-medidas","""Como Escolher o Tamanho Certo de Bike de Estrada: Guia Completo com Tabela de Medidas""","""Aprenda a escolher o tamanho ideal da sua bike de estrada com nosso guia completo e tabela de medidas por altura.""","2026-07-31","""Sergio Arantes""","""guia-tecnico""","""desk-research""","nao","sim","""2026-07-31""","nao","""published""","[guias-de-compra, ciclismo, bike de estrada]","""""","""""",""
"2026-08-02-9-bicicleta-de-estrada-nova-vs-usada-prós-e-contras-e-preços-no-brasil.md","bicicleta-de-estrada-nova-vs-usada-prós-e-contras-e-preços-no-brasil","""Bicicleta de Estrada Nova vs Usada: PrÃ³s e Contras e PreÃ§os no Brasil""","""Descubra as vantagens e desvantagens de comprar uma bicicleta de estrada nova ou usada e saiba quanto vale investir em uma seminova no Brasil.""","2026-08-02","""Sergio Arantes""","""comparativo""","""desk-research""","nao","sim","""2026-08-02""","nao","""published""","[comparativos, bicicletas, ciclismo, guias-de-compra]","""""","""""",""
"2026-08-03-quanto-custa-importar-uma-scott-addict-para-o-brasil-em-2026.md","quanto-custa-importar-uma-scott-addict-para-o-brasil-em-2026","""Quanto Custa Importar uma Scott Addict para o Brasil em 2026""","""Descubra o custo total para importar uma bicicleta Scott Addict para o Brasil em 2026 e o que considerar antes de comprar.""","2026-08-03","""Sergio Arantes""","""guia-tecnico""","""desk-research""","nao","sim","""2026-08-03""","nao","""published""","[guias-de-compra, importaÃ§Ã£o, scott addict, ciclismo]","""Scott""","""Addict""","2026"
